ID,Brand Name,Manufacturer,Lot No,Expiry Date,900.8136649,904.7187977,909.9188285,913.8137419,917.7042757,921.5904297,925.4722041,929.3495988,933.2226138,937.091249,942.2426166,946.1010326,949.9550689,953.8047255,957.6500024,961.4908996,965.3274171,969.1595549,972.9873131,978.0841777,981.9017166,985.7148757,989.5236552,993.3280549,997.128075,1000.923715,1004.714976,1009.763177,1013.544219,1017.32088,1021.093162,1024.861065,1028.624587,1032.38373,1036.138493,1039.888877,1044.882576,1048.62274,1052.358524,1056.089929,1059.816954,1063.5396,1067.257865,1070.971752,1075.916787,1079.620454,1083.319741,1087.014648,1090.705176,1094.391324,1098.073092,1101.750481,1105.423489,1110.314022,1113.976811,1117.635221,1121.289252,1124.938902,1128.584173,1132.225064,1135.861576,1140.703445,1144.329737,1147.951649,1151.569182,1155.182335,1158.791109,1162.395502,1165.995516,1169.59115,1174.378517,1177.963932,1181.544967,1185.121623,1188.693899,1192.261795,1195.825311,1199.384448,1204.123151,1207.672069,1211.216606,1214.756765,1218.292543,1221.823942,1225.350961,1228.8736,1232.39186,1237.07606,1240.5841,1244.087761,1247.587042,1251.081943,1254.572465,1258.058607,1261.540369,1266.175906,1269.647449,1273.114612,1276.577396,1280.0358,1283.489824,1286.939468,1290.384733,1293.825618,1298.406652,1301.837318,1305.263604,1308.68551,1312.103037,1315.516184,1318.924951,1322.329339,1326.86171,1330.255878,1333.645666,1337.031075,1340.412105,1343.788754,1347.161024,1350.528914,1353.892425,1358.370292,1361.723584,1365.072495,1368.417027,1371.757179,1375.092951,1378.424344,1381.751357,1385.07399,1389.497355,1392.809769,1396.117804,1399.421458,1402.720733,1406.015628,1409.306144,1412.59228,1416.966981,1420.242898,1423.514435,1426.781592,1430.04437,1433.302767,1436.556785,1439.806424,1443.051682,1447.371881,1450.606921,1453.83758,1457.06386,1460.285761,1463.503281,1466.716422,1469.925183,1474.196719,1477.395261,1480.589423,1483.779206,1486.964609,1490.145632,1493.322275,1496.494539,1499.662423,1503.879456,1507.03712,1510.190406,1513.339311,1516.483837,1519.623983,1522.759749,1525.891136,1530.059505,1533.180672,1536.29746,1539.409868,1542.517896,1545.621545,1548.720814,1551.815703,1554.906212,1559.020079,1562.100369,1565.176279,1568.24781,1571.314961,1574.377733,1577.436124,1580.490136,1584.55534,1587.599132,1590.638545,1593.673579,1596.704232,1599.730506,1602.752401,1605.769915,1608.78305,1612.79375,1615.796666,1618.795202,1621.789358,1624.779134,1627.764531,1630.745548,1633.722186,1637.684223,1640.650641,1643.612679,1646.570338,1649.523617,1652.472516,1655.417036,1658.357176,1661.292936,1665.20047,1668.126011,1671.047173,1673.963954,1676.876356,1679.784378,1682.688021,1685.587283,1689.446154,1692.335198,1695.219862,1698.100146,1700.97605
Doxy_lab_100mg_cap00,Lab-made,Lab-made,Lab-made,Lab-made,1.029195004,1.03527698,1.039758331,1.037211754,1.041983241,1.043582493,1.043162551,1.051344883,1.055170631,1.056341933,1.061600505,1.063064514,1.063304847,1.069287891,1.068152476,1.069737236,1.073209469,1.072122912,1.074241034,1.077237526,1.076780747,1.07804487,1.079293945,1.080354814,1.080328177,1.08197484,1.081592645,1.082122024,1.083386923,1.084265356,1.084140717,1.086058483,1.084775629,1.084694444,1.083283259,1.084632198,1.082560476,1.084006455,1.08141467,1.080939649,1.079554018,1.078375635,1.076251851,1.074061646,1.072688702,1.073014167,1.071227885,1.069700239,1.069181383,1.070739254,1.069984112,1.069203794,1.068282208,1.067062574,1.065192249,1.067605542,1.067045156,1.067588683,1.065920539,1.067382481,1.066600554,1.068548201,1.069833504,1.069198878,1.072292691,1.07349249,1.075741768,1.078393454,1.081611049,1.084459606,1.085844393,1.087973702,1.088554549,1.08895501,1.091742385,1.0937233,1.094438037,1.095230627,1.095855449,1.095746603,1.095517205,1.096121336,1.093943561,1.093592547,1.092451394,1.091119807,1.090346541,1.090113622,1.089842268,1.090098782,1.090192486,1.08975789,1.088524042,1.088930447,1.088370596,1.088504921,1.090516186,1.090112118,1.091211492,1.090405856,1.089822529,1.088908783,1.087716206,1.086468512,1.087467166,1.086107212,1.085973829,1.085479397,1.084464245,1.08344142,1.08331502,1.083951072,1.084767567,1.086194464,1.087160789,1.087385453,1.090941139,1.092460403,1.094651125,1.096855717,1.098830727,1.101606906,1.10541334,1.105680915,1.107735357,1.111276401,1.111878744,1.114152213,1.113759186,1.113496406,1.116278747,1.116947633,1.118672632,1.121701982,1.123314692,1.129333196,1.133555646,1.140987869,1.148927338,1.155235871,1.163920731,1.170005864,1.179491174,1.190359293,1.198475021,1.20924922,1.218436273,1.228965658,1.237141828,1.239681057,1.243178852,1.24452814,1.245190265,1.249270287,1.252741924,1.259176603,1.265537624,1.27039232,1.276332825,1.283504651,1.286944686,1.292238195,1.29439255,1.295347054,1.300095356,1.302293588,1.303273717,1.30481162,1.30588226,1.305051327,1.308240952,1.308608247,1.309875256,1.311879623,1.310180354,1.313381717,1.310843785,1.309350828,1.309039529,1.308282223,1.310855529,1.308678947,1.309441883,1.310165987,1.312274214,1.309837144,1.311897092,1.314581404,1.315052726,1.318872854,1.32229021,1.320575007,1.322582333,1.321686608,1.320215999,1.323158538,1.317775865,1.316483096,1.320344557,1.314334811,1.313547827,1.311279617,1.309748667,1.305483727,1.312310162,1.305929518,1.301941292,1.303520694,1.302503448,1.305143136,1.298526446,1.302902084,1.296092419,1.296280051,1.293170966,1.296895103,1.301050261,1.30085824,1.297773052,1.29824647,1.297651753,1.298892871,1.314510426,1.307801217,1.292499418,1.307189065,1.277880055,1.300398662
Doxy_lab_100mg_cap_3,Lab-made,Lab-made,Lab-made,Lab-made,0.838092756,0.845018781,0.843389058,0.843906362,0.845213714,0.843099267,0.847745997,0.85172973,0.855083967,0.860215106,0.865172394,0.868109234,0.869565335,0.8724817,0.872656094,0.873207311,0.875330116,0.878655452,0.878332146,0.881134827,0.881441067,0.883227204,0.882436462,0.883660744,0.884972322,0.885314518,0.885393005,0.886355389,0.886819829,0.888069179,0.887896822,0.889554552,0.889373074,0.889203531,0.888328211,0.88803909,0.887099842,0.888527162,0.88673978,0.886058307,0.88450966,0.884765439,0.882043517,0.879111199,0.87848178,0.878179467,0.877151469,0.876807817,0.875930465,0.875081216,0.876716486,0.87561108,0.875199545,0.873480482,0.873439469,0.874490387,0.8730888,0.872256079,0.87173859,0.87342935,0.873944885,0.874051216,0.875310225,0.876890784,0.877725015,0.878946731,0.882171345,0.885250862,0.887839065,0.888616995,0.891537865,0.893019455,0.894573745,0.896718029,0.898695622,0.898596117,0.899273421,0.901301292,0.903443537,0.902978517,0.902360412,0.902952466,0.902506143,0.900283204,0.900079418,0.899550548,0.897910929,0.897901796,0.897602849,0.897375548,0.896699029,0.89657187,0.896992218,0.897379036,0.896393507,0.897554635,0.897945897,0.898676308,0.89885505,0.897547363,0.897567387,0.896782625,0.895563171,0.895634363,0.894916004,0.893611855,0.894247561,0.893744095,0.892511717,0.892415268,0.891474074,0.891856909,0.892782721,0.894159345,0.89503182,0.896547719,0.898712908,0.899788926,0.902342785,0.904063947,0.906094991,0.910046,0.912411505,0.914405781,0.915317874,0.917781274,0.919738616,0.921923513,0.922051796,0.921376544,0.923063813,0.923458958,0.923928046,0.928340502,0.930205083,0.934576416,0.940275775,0.947224911,0.955366205,0.961944655,0.969717775,0.977797437,0.987076288,0.997116737,1.008217473,1.019173816,1.02788511,1.038333333,1.045553939,1.051331059,1.054037031,1.056208277,1.057330531,1.059232836,1.063548233,1.071097211,1.075861052,1.084649415,1.090764216,1.094931928,1.10170589,1.107709082,1.111607136,1.110733115,1.115104757,1.115462986,1.117824782,1.118628484,1.120262925,1.121969118,1.123223441,1.12550117,1.123614842,1.124902117,1.126353239,1.126421529,1.124556607,1.122088148,1.120636812,1.11978806,1.120425501,1.120447249,1.118370113,1.119979263,1.119655577,1.120610833,1.119475322,1.118639679,1.11871362,1.125345554,1.126292243,1.126299535,1.128149618,1.125252669,1.122276218,1.121739499,1.117138831,1.114741168,1.116092934,1.112292382,1.112461517,1.108883087,1.10721997,1.105373587,1.106202257,1.101166525,1.098149085,1.096025953,1.095621406,1.092716365,1.092863571,1.095663059,1.09048158,1.092975513,1.088216604,1.094648651,1.093844411,1.100470409,1.108104584,1.118330635,1.122048975,1.132372411,1.152359869,1.147007343,1.15620412,1.160834841,1.148123776,1.129809697
Doxy_lab_200mg_cap00,Lab-made,Lab-made,Lab-made,Lab-made,1.014857236,1.023906699,1.028757082,1.027664888,1.030857212,1.030429827,1.031495124,1.037550619,1.042148271,1.043788156,1.048034649,1.049446832,1.053072989,1.051495066,1.053533182,1.056101315,1.057312831,1.058581138,1.057272327,1.061775199,1.060206109,1.063942806,1.063114695,1.063529886,1.06435037,1.064863005,1.063300663,1.067842225,1.065587034,1.067076387,1.066700953,1.068467672,1.068711506,1.066726979,1.066238407,1.066349993,1.065969792,1.066648478,1.065398809,1.064436814,1.062934335,1.060716167,1.059819325,1.056604354,1.055522234,1.05558629,1.054635843,1.054789555,1.051131765,1.053644956,1.053516596,1.052328994,1.051904679,1.05357931,1.052465174,1.052352084,1.052042323,1.053644216,1.053664522,1.053981438,1.053667418,1.054135494,1.05533715,1.056777917,1.056164084,1.058864915,1.06071855,1.063034098,1.066038311,1.064922317,1.068812832,1.070402456,1.070907571,1.072344781,1.073128266,1.073259821,1.07434996,1.075947122,1.077153028,1.076227896,1.076590205,1.07693659,1.075608056,1.07460883,1.073657796,1.072171265,1.072278019,1.071720231,1.072275331,1.070676172,1.070232095,1.069435996,1.069980092,1.070765011,1.070825771,1.069436491,1.070662292,1.071722012,1.071241544,1.071127766,1.069922802,1.070117606,1.068553683,1.067796437,1.068779619,1.066708774,1.0664504,1.065227161,1.065695045,1.065328389,1.065509521,1.065796375,1.06698874,1.067502288,1.069789898,1.071206775,1.073522693,1.075490851,1.076347158,1.07861341,1.080618781,1.084123264,1.087021788,1.087099036,1.089026096,1.091953104,1.092807711,1.095451475,1.09501141,1.09486669,1.095555162,1.096187667,1.097370612,1.100617312,1.102791653,1.107522211,1.112006462,1.116820662,1.12450315,1.130037144,1.138206824,1.143820987,1.151568823,1.160648926,1.16930225,1.177912065,1.185255038,1.195479129,1.203408672,1.205921796,1.210488837,1.211578621,1.212145525,1.215853465,1.219566409,1.224885964,1.231595625,1.236393297,1.241951652,1.244257007,1.252142286,1.25467057,1.256552692,1.258517737,1.260370327,1.262309544,1.265219937,1.265346407,1.265321066,1.266702592,1.267341085,1.267808295,1.268252466,1.27139191,1.273243456,1.273739691,1.273496158,1.269576824,1.270022818,1.270827443,1.274601943,1.273248581,1.274156296,1.274773486,1.275504119,1.276451917,1.2776788,1.276752877,1.278854781,1.284773098,1.282557658,1.286341971,1.286597302,1.28742531,1.284727613,1.285095089,1.282109472,1.279979892,1.28195386,1.278120336,1.279796487,1.275664133,1.277062972,1.274759857,1.278702261,1.269063988,1.273798336,1.269665997,1.275012687,1.271181659,1.270957282,1.268938132,1.269268397,1.275711904,1.271155226,1.27056056,1.268930722,1.2735109,1.273133905,1.274541273,1.274034862,1.268465923,1.271127944,1.285133145,1.272213122,1.271075447,1.238197837,1.255146165
Doxy_lab_200mg_cap00,Lab-made,Lab-made,Lab-made,Lab-made,1.029752447,1.035148039,1.041874551,1.043453993,1.041885254,1.04355308,1.044422975,1.049530944,1.052896604,1.05391491,1.058113081,1.063655477,1.067452278,1.066686923,1.068199729,1.068708997,1.070788289,1.073020302,1.071633543,1.07479467,1.074790243,1.076298292,1.077173668,1.077630916,1.078820351,1.0799501,1.078275308,1.080289868,1.080557856,1.081277379,1.081437796,1.083522617,1.083084031,1.082182971,1.082765508,1.079234731,1.079697049,1.081500542,1.078357607,1.077375258,1.076298652,1.075336903,1.073512708,1.070987503,1.069697941,1.069727923,1.069135009,1.067370007,1.066456545,1.067429236,1.066849239,1.06682371,1.068386607,1.06471335,1.065800593,1.066938582,1.0676309,1.065678235,1.065669489,1.066742485,1.065962873,1.067658884,1.069593786,1.070292963,1.070262048,1.072031294,1.075260402,1.076442133,1.078882778,1.080171381,1.082918832,1.083014087,1.083972822,1.083958962,1.087635257,1.087981221,1.087586915,1.088445667,1.091060642,1.090190658,1.090018797,1.090264981,1.08895404,1.088437777,1.088967891,1.087235903,1.084448504,1.086166549,1.086540999,1.085361249,1.084853074,1.084510191,1.08284856,1.08309145,1.083097834,1.083823779,1.086085619,1.084500304,1.085360549,1.084962154,1.084895283,1.082077098,1.081839287,1.081372512,1.082124623,1.080950466,1.080370654,1.080508012,1.079821897,1.079055772,1.079540724,1.080587705,1.080684456,1.08233267,1.082700491,1.085650094,1.087620054,1.088605459,1.090628265,1.091013462,1.095379599,1.097719709,1.099422631,1.101230723,1.102008725,1.105370596,1.107405495,1.108701267,1.109545461,1.107718486,1.108794693,1.109349395,1.110249581,1.113185462,1.114176886,1.119567324,1.125411222,1.131245951,1.137577542,1.14300853,1.150409043,1.155311653,1.164613548,1.172834033,1.180590221,1.191556185,1.199712536,1.208688682,1.214368566,1.218053648,1.221234892,1.222340626,1.224997692,1.229561885,1.23227887,1.238951318,1.242249829,1.2487976,1.252139299,1.257580052,1.26274184,1.267976906,1.268319888,1.270118489,1.272915322,1.273258166,1.27543593,1.275839493,1.276804511,1.279493901,1.281232451,1.281755887,1.282149026,1.284643649,1.284374114,1.287048528,1.284815349,1.281745298,1.282730247,1.283743826,1.284034003,1.28642492,1.285471406,1.287609596,1.28655722,1.289317077,1.289016749,1.289507183,1.290672765,1.29639061,1.297481073,1.298482511,1.299042782,1.298048194,1.298611066,1.298054936,1.295286045,1.293650968,1.298229032,1.290394897,1.292225124,1.291864267,1.287716588,1.291827198,1.290191877,1.282251418,1.287191594,1.283560847,1.286091248,1.284646172,1.2841468,1.284710122,1.28519557,1.287520802,1.283088559,1.281914718,1.284498499,1.28780173,1.288263813,1.279911842,1.279552108,1.285735007,1.282971049,1.280239955,1.291518278,1.286066808,1.279481142,1.279461786
Doxy_lab_200mg_cap_3,Lab-made,Lab-made,Lab-made,Lab-made,0.882536735,0.891062993,0.890447454,0.889742472,0.89195287,0.892565772,0.890568897,0.896543388,0.899624613,0.906294071,0.906542325,0.911817893,0.913558873,0.91571381,0.913851011,0.915975229,0.916453949,0.918496081,0.917732197,0.920904568,0.921298332,0.922367153,0.922134729,0.923659081,0.922902104,0.924326147,0.923830549,0.92389038,0.925198615,0.925236774,0.925831076,0.927290121,0.92745716,0.925931514,0.925909721,0.925240337,0.925923135,0.925942878,0.924500357,0.92364056,0.922711234,0.921621892,0.919371724,0.917397342,0.916176943,0.916462443,0.915855914,0.915229394,0.914605677,0.915113486,0.914940654,0.914411283,0.914554443,0.913496346,0.913740416,0.91496043,0.913855557,0.914152128,0.914990736,0.915873352,0.915788267,0.915736452,0.916916002,0.917753808,0.918859155,0.921885938,0.923398835,0.925671246,0.928846086,0.929320227,0.930508113,0.932238891,0.933092422,0.933399508,0.935717576,0.936619839,0.937493835,0.938412,0.939993548,0.93950966,0.937914441,0.939844414,0.938451189,0.936701596,0.936463349,0.936246564,0.93424199,0.933962497,0.934827329,0.934112746,0.932482858,0.931634768,0.931582467,0.932279256,0.931741792,0.932246016,0.933106857,0.932468499,0.933769173,0.933324827,0.932320272,0.932209546,0.930234901,0.92981895,0.930829348,0.92932611,0.929546963,0.928336368,0.928663878,0.928490829,0.927364169,0.929102305,0.929772136,0.931289401,0.932716739,0.934667583,0.936674092,0.937866416,0.940118263,0.941379698,0.943891178,0.947672652,0.949942184,0.951445343,0.95291649,0.956043357,0.956295838,0.958058347,0.95926452,0.959626238,0.959582777,0.961110903,0.962017629,0.964123685,0.967260924,0.972017109,0.976966981,0.983584124,0.991814251,0.997744036,1.004989949,1.0131977,1.022169571,1.030913739,1.040135448,1.050051941,1.058708878,1.07035306,1.078094225,1.079855395,1.085118696,1.087391084,1.089398479,1.093002694,1.0958936,1.103369802,1.108107735,1.11477426,1.121336796,1.12484388,1.130973909,1.136703002,1.139672232,1.141356908,1.14341515,1.144005315,1.147517712,1.146567127,1.146242432,1.149460663,1.150765944,1.150877307,1.150614838,1.151407747,1.151823279,1.151998767,1.151720687,1.149155063,1.149201617,1.146121566,1.148443507,1.146467375,1.14687421,1.147408465,1.147422796,1.148896203,1.14659319,1.147662748,1.148832476,1.152145294,1.152829166,1.155485295,1.154873104,1.152423475,1.150392618,1.151453772,1.145337952,1.143785208,1.143949755,1.141469944,1.14064372,1.138094968,1.136832853,1.134211392,1.13554977,1.130217273,1.129382309,1.127405629,1.128820573,1.126789458,1.124526987,1.12468852,1.122956547,1.127296405,1.124597941,1.127233688,1.128520064,1.134736643,1.13771139,1.143726737,1.151065643,1.157106209,1.170648655,1.177708656,1.185903788,1.19221818,1.175649004,1.157236834
Doxy_lab_300mg_cap00,Lab-made,Lab-made,Lab-made,Lab-made,1.030683112,1.041293614,1.041560385,1.043779321,1.043554046,1.045173749,1.048996347,1.054441256,1.057875565,1.060704075,1.062618251,1.066604368,1.067555612,1.071672038,1.071218803,1.073340099,1.075379553,1.074285402,1.074905539,1.078699403,1.079834576,1.078649196,1.081424624,1.081175326,1.082958921,1.082206841,1.083168657,1.082738272,1.083512328,1.084561865,1.08465367,1.084902942,1.086163537,1.085269882,1.084828669,1.083913283,1.083433687,1.082985951,1.081685101,1.08169628,1.078915176,1.078898023,1.077105455,1.074298113,1.072842328,1.07234076,1.071074693,1.070840629,1.068735821,1.070281601,1.069317953,1.069378459,1.068653519,1.068577873,1.067849971,1.069601029,1.069704569,1.07127307,1.069761393,1.071912172,1.072278286,1.072676507,1.073019445,1.073994473,1.074309897,1.077986678,1.078098976,1.080607894,1.082755801,1.083476031,1.084517386,1.084913171,1.086915115,1.086478124,1.08892092,1.088728323,1.089129508,1.089896936,1.090715553,1.08996734,1.089388821,1.090795071,1.089916613,1.08990289,1.089686327,1.087972553,1.086999661,1.087166646,1.088344602,1.086032219,1.086671851,1.08575912,1.085474063,1.084368422,1.085735001,1.084398657,1.085668842,1.085271206,1.087338206,1.085790796,1.085642191,1.084312946,1.083754915,1.083557101,1.083997649,1.082210554,1.083275903,1.082182012,1.082530331,1.081438959,1.082122421,1.084020456,1.083864595,1.08596954,1.088002219,1.089542899,1.091516859,1.092325535,1.094123243,1.096274397,1.098749016,1.102088,1.104010615,1.104378225,1.107042108,1.10844299,1.11020462,1.111551373,1.111760014,1.111574115,1.113305377,1.113575422,1.115662889,1.117554561,1.118653133,1.123012987,1.12768112,1.134126315,1.141066118,1.145714683,1.150208637,1.157353082,1.166359502,1.172756319,1.182097265,1.189855902,1.19747481,1.20680945,1.214001598,1.218548021,1.222245562,1.225946001,1.226754769,1.229498004,1.233130277,1.240030082,1.242994327,1.251471276,1.253881335,1.258290515,1.262317379,1.266897842,1.27016446,1.271041881,1.272351322,1.27304873,1.27350015,1.27365967,1.276217669,1.278196122,1.277568296,1.279724339,1.279990653,1.280170415,1.283256452,1.282802398,1.28491806,1.277412507,1.280273498,1.280610796,1.282684227,1.281190291,1.282261446,1.284901564,1.284833865,1.289059176,1.285998986,1.287864071,1.289811882,1.293777126,1.290965869,1.295114988,1.293721362,1.292398871,1.292658087,1.296314374,1.289647086,1.287895917,1.290055033,1.292853638,1.289286625,1.290395059,1.28862857,1.285111638,1.287632974,1.282980074,1.285295471,1.279014641,1.284712927,1.280906143,1.280289375,1.287290794,1.290650785,1.282557863,1.283829044,1.286959597,1.286796747,1.287021326,1.287145506,1.284014113,1.278016199,1.285812622,1.287781969,1.274506983,1.28581569,1.274815883,1.294993308,1.279942999
Doxy_lab_300mg_cap_3,Lab-made,Lab-made,Lab-made,Lab-made,0.909522348,0.917151058,0.914204301,0.911587905,0.917060838,0.915690383,0.915752994,0.921707939,0.924082393,0.928880382,0.932209012,0.937191729,0.937910086,0.940044619,0.938751884,0.940846316,0.940871134,0.941579086,0.940569028,0.943061356,0.943240353,0.945083427,0.944259775,0.944664975,0.946038827,0.945797469,0.945289434,0.946808076,0.947682621,0.947604291,0.94858705,0.949048095,0.948762067,0.947022676,0.947192381,0.946638725,0.946616832,0.947277058,0.945740027,0.944131061,0.944415252,0.94251108,0.940788042,0.939794326,0.938338425,0.937848429,0.937544101,0.936558986,0.935549324,0.935566608,0.935779388,0.935506035,0.934503209,0.935011701,0.936160807,0.936295106,0.936436442,0.936872916,0.936699648,0.937774081,0.936806085,0.938545964,0.939535684,0.940988679,0.942289388,0.944261251,0.94651538,0.948860177,0.950540549,0.950997708,0.951765708,0.953812753,0.954337131,0.95471625,0.956169351,0.957155456,0.956209499,0.957099975,0.95903282,0.958732802,0.958050152,0.959440196,0.957374147,0.956008691,0.955954193,0.955870381,0.954492455,0.953837013,0.954225524,0.953544606,0.952678213,0.952425403,0.951774704,0.951121637,0.951859177,0.951001945,0.952544208,0.95212641,0.952683498,0.951818789,0.951400514,0.951385559,0.949409123,0.949654647,0.949690897,0.948672104,0.949252577,0.94934293,0.948906982,0.94850412,0.948114386,0.949249929,0.950043241,0.952215397,0.954211307,0.955218538,0.957271512,0.958450572,0.960563882,0.96230475,0.964500589,0.967290399,0.970321771,0.971295908,0.97308361,0.976065231,0.976960677,0.978318162,0.979006214,0.979172243,0.98039027,0.980930269,0.982268564,0.9843398,0.986330005,0.99159317,0.996540844,1.002969085,1.009231416,1.01564859,1.021521479,1.029584569,1.03708521,1.046468131,1.054753148,1.061994859,1.070780481,1.080218062,1.087320941,1.091779829,1.095732576,1.099015582,1.100535445,1.104029418,1.106895744,1.114818112,1.118261882,1.12620253,1.131223269,1.13462236,1.140045471,1.144470266,1.148590028,1.147837972,1.150180223,1.150137528,1.153153995,1.15271544,1.151479605,1.153917517,1.154979277,1.156056207,1.155582401,1.156891428,1.157148921,1.156821179,1.155326177,1.151316559,1.150978296,1.149851335,1.152685345,1.151286786,1.150757847,1.152606321,1.152864835,1.152994304,1.150949034,1.151749203,1.153634897,1.157316091,1.157090694,1.157726054,1.156082652,1.153377295,1.150531204,1.150228881,1.148127611,1.146707162,1.146727484,1.143660174,1.143425631,1.14206227,1.141298968,1.140125771,1.138828476,1.133261353,1.13292018,1.132963755,1.131812735,1.132403543,1.128714756,1.134011544,1.130625476,1.133779412,1.130438101,1.133171686,1.137778663,1.142045808,1.141768016,1.151832208,1.161491024,1.166027386,1.16600375,1.180577664,1.179042065,1.166143512,1.162586531,1.161981274
Doxy_lab_300mg_cap_3,Lab-made,Lab-made,Lab-made,Lab-made,0.863328069,0.873030862,0.871676545,0.86981471,0.87459147,0.872848029,0.871154646,0.879596365,0.884284263,0.886069803,0.891486363,0.895393791,0.896988156,0.898451341,0.89787501,0.900989609,0.900863988,0.902186893,0.903261346,0.904937275,0.904970037,0.906562736,0.907084457,0.90674967,0.907870121,0.908710825,0.908539645,0.909277778,0.909459218,0.910318841,0.91077695,0.912652449,0.910946296,0.910474228,0.910721427,0.909815491,0.909953105,0.909739298,0.907940716,0.907450891,0.906182416,0.905874592,0.904748616,0.901864792,0.901265852,0.901064998,0.900003961,0.899658488,0.898077097,0.897798115,0.898084576,0.897371046,0.897911731,0.897255799,0.898121632,0.898420083,0.899184194,0.899403371,0.900448143,0.900106462,0.900666603,0.900156407,0.901526548,0.903540573,0.903985468,0.905193028,0.907371331,0.90936537,0.911832118,0.911138153,0.912361239,0.913660373,0.914504973,0.915129524,0.916071949,0.916973988,0.916314175,0.916832896,0.919873285,0.917541636,0.918430374,0.917870074,0.917869547,0.916006741,0.917373048,0.916516369,0.915592146,0.91567682,0.915965879,0.915072606,0.91396756,0.913915476,0.912905316,0.913021711,0.913040372,0.913096042,0.913769185,0.913582904,0.914663907,0.91388045,0.913982936,0.913459473,0.912811009,0.911961456,0.912451289,0.911924839,0.911507314,0.911339535,0.911050808,0.910498256,0.911230689,0.911731384,0.912878773,0.914083153,0.916381676,0.917896583,0.920380886,0.921402309,0.923712273,0.925078614,0.927320731,0.930247355,0.931991625,0.933037175,0.935340072,0.937736831,0.939223077,0.940392947,0.940168504,0.939746662,0.941104048,0.941289374,0.941851294,0.944754466,0.947689377,0.951064917,0.956483144,0.961819952,0.969270127,0.974565562,0.980955017,0.987324805,0.995028736,1.00237131,1.010903021,1.019735233,1.028593201,1.037339524,1.04562861,1.049508953,1.053443802,1.055330199,1.058928404,1.061066655,1.06534333,1.071463384,1.076676816,1.083279371,1.087988079,1.090996892,1.097341182,1.100949344,1.104979771,1.104379118,1.106374001,1.106932185,1.108747087,1.108958273,1.109123695,1.111144281,1.112983255,1.112516778,1.112003846,1.113952794,1.112585633,1.114376324,1.112949508,1.109821914,1.109016001,1.109914569,1.11093315,1.111659959,1.112167609,1.111225106,1.112241636,1.113166289,1.114084507,1.113285617,1.11366469,1.116738738,1.118578212,1.119499967,1.11907986,1.115720901,1.11350132,1.115525415,1.111725534,1.111277509,1.110596245,1.108620136,1.108010775,1.106918292,1.104147187,1.105572076,1.105690322,1.10060363,1.098364862,1.097601133,1.100165429,1.097382696,1.100904707,1.102195073,1.099567788,1.100912412,1.101791616,1.104506346,1.108001016,1.111432833,1.117108732,1.122447595,1.124710359,1.141685179,1.149695069,1.153212853,1.144371404,1.141185712,1.141069091,1.148078331
Doxy_lab_500mg_cap_3,Lab-made,Lab-made,Lab-made,Lab-made,0.881808719,0.888940202,0.889063644,0.892566954,0.889876668,0.892773569,0.892455127,0.897196979,0.899563324,0.906294071,0.90803341,0.911956878,0.912882796,0.915574713,0.91440338,0.916294102,0.917372443,0.919598876,0.917694396,0.919733363,0.920319624,0.921369328,0.922345022,0.922501161,0.922332068,0.922442632,0.922953057,0.924651535,0.924787021,0.924889104,0.925032674,0.926115365,0.925349721,0.925644345,0.924885271,0.923130959,0.923086051,0.923290516,0.922539214,0.922097392,0.920563192,0.919476898,0.917921602,0.915227263,0.914893386,0.914250196,0.914095836,0.913603498,0.912016486,0.91338569,0.913029689,0.912499897,0.912313337,0.912354647,0.914404561,0.914426312,0.915771405,0.915313257,0.915612085,0.916462763,0.917215874,0.916789365,0.91796913,0.919483987,0.921008873,0.923550585,0.92340691,0.92500809,0.925802369,0.926170811,0.925909809,0.927816572,0.927475779,0.928048919,0.9300323,0.92981715,0.928258505,0.928749852,0.928713124,0.928896386,0.928041442,0.929105138,0.929623165,0.928200316,0.929101424,0.928456258,0.928242941,0.928343241,0.928042937,0.927433268,0.925379783,0.925001958,0.925225507,0.924564436,0.925711825,0.924994461,0.925115409,0.925330438,0.925882333,0.926260548,0.925102103,0.924311842,0.924240399,0.924447212,0.924375351,0.923855203,0.924275821,0.924518714,0.924744319,0.925303925,0.924356247,0.925645971,0.927372727,0.928949703,0.930936875,0.932708118,0.93482164,0.936246451,0.938584681,0.939716716,0.941808446,0.944398965,0.94591446,0.947301715,0.947694664,0.950574988,0.950933997,0.953529429,0.953126849,0.953352619,0.953745662,0.95511327,0.954923567,0.957654098,0.959425334,0.963407465,0.967913958,0.973471558,0.978721928,0.984708298,0.989261193,0.99409112,1.000621416,1.007204687,1.01411383,1.020844602,1.02751164,1.03612885,1.042157542,1.047194092,1.052099328,1.054913095,1.057296232,1.061274746,1.065238046,1.070134133,1.074405552,1.079808863,1.085099099,1.087369879,1.09095629,1.095192241,1.097580545,1.098501194,1.099396063,1.099858647,1.101334795,1.101754783,1.09840649,1.10204762,1.101938618,1.102692514,1.102595513,1.103120352,1.1023275,1.103903275,1.103591096,1.099134218,1.099573564,1.10086644,1.100827399,1.102816844,1.102350521,1.104597617,1.104811674,1.106029341,1.103736688,1.10614458,1.104368696,1.10866766,1.107452704,1.108256193,1.107825787,1.107083023,1.103420927,1.10616763,1.102525428,1.100866703,1.102815758,1.100328671,1.104643141,1.099758249,1.098256024,1.095718276,1.100179336,1.094315692,1.096254856,1.092980583,1.096078246,1.097169499,1.097415788,1.101427496,1.098013866,1.103673704,1.10130453,1.10505721,1.106477004,1.108769609,1.109586187,1.11713201,1.119218779,1.12582527,1.131995526,1.121619794,1.138327742,1.134040591,1.125040589,1.118873949
Doxy_lab_500mg_cap_3,Lab-made,Lab-made,Lab-made,Lab-made,0.87625656,0.881455328,0.883817715,0.879862598,0.884570007,0.88173298,0.885688102,0.889995026,0.895461356,0.896934496,0.901396022,0.904601619,0.905550183,0.907923875,0.906744285,0.908579666,0.910691559,0.912509354,0.91019959,0.913244855,0.913659822,0.916159542,0.915781632,0.916276756,0.916407482,0.917507142,0.916137416,0.917302173,0.91787232,0.918530268,0.918837884,0.919702588,0.918962981,0.919169897,0.918292484,0.916761097,0.917252211,0.916729626,0.915607696,0.915938584,0.914335823,0.91300745,0.911714723,0.909711381,0.909390954,0.909023612,0.907554311,0.907055137,0.906117673,0.907267051,0.906414791,0.905615839,0.906424944,0.907609619,0.907202059,0.908601944,0.908931094,0.909418909,0.910330819,0.911625881,0.91042644,0.911383206,0.9124506,0.91313633,0.913772999,0.916690794,0.917257292,0.918670488,0.919897543,0.920439657,0.920616474,0.921372598,0.92123487,0.921700077,0.922614655,0.9223198,0.920695906,0.921947903,0.922309582,0.921051003,0.921327764,0.921770781,0.92165939,0.92153497,0.923078548,0.922552734,0.920901789,0.92150454,0.921601323,0.920217863,0.919661379,0.91953851,0.91841356,0.918490972,0.918602612,0.91763971,0.918082547,0.918187909,0.919435556,0.918794694,0.919728698,0.918503347,0.917381492,0.917956924,0.91837508,0.918644736,0.918126217,0.918443371,0.919065583,0.918106964,0.919082608,0.920255963,0.921651742,0.923677654,0.925576246,0.928015228,0.930257451,0.931219921,0.933463643,0.934643274,0.937188068,0.939559931,0.940868408,0.942812798,0.943948307,0.946332572,0.947059251,0.948839617,0.94783514,0.948017643,0.949215611,0.950329531,0.951078285,0.953327108,0.954581286,0.958018619,0.962726313,0.968446636,0.974265772,0.97861133,0.984339054,0.989437529,0.995441641,1.002588823,1.008202262,1.016029301,1.023629148,1.032106753,1.039179736,1.043071393,1.050599114,1.051793296,1.056165903,1.061899618,1.064685726,1.072375692,1.074866084,1.07987305,1.085817211,1.08804764,1.091538077,1.095899238,1.096915873,1.098028074,1.09915709,1.100089572,1.101527709,1.100344635,1.099545496,1.101163925,1.102779113,1.103255546,1.101413554,1.103893768,1.103845898,1.104104033,1.104042405,1.100844375,1.101963971,1.100761517,1.103602453,1.10436937,1.105557026,1.106724079,1.108607351,1.107763418,1.108360057,1.1090005,1.107969398,1.112956425,1.109576892,1.11283501,1.110241056,1.11083904,1.107716963,1.108657351,1.105281413,1.106662616,1.106784319,1.105797132,1.105738416,1.102828401,1.102494194,1.102347959,1.101900359,1.100228772,1.100832328,1.097601133,1.101413004,1.101286065,1.106515954,1.108852837,1.109738584,1.112657979,1.111415301,1.118113137,1.114085229,1.115265996,1.121243275,1.122196968,1.131983403,1.131174657,1.140755136,1.144682243,1.142281292,1.142267692,1.130697387,1.122377015
Doxy_lab_500mg_cap_3,Lab-made,Lab-made,Lab-made,Lab-made,0.86348653,0.867241163,0.870907342,0.868725918,0.869950583,0.870551217,0.870907678,0.873471444,0.878641133,0.882507811,0.887673237,0.890603329,0.893293982,0.894425703,0.895349665,0.8959786,0.897737826,0.8990537,0.899275963,0.901020323,0.901962474,0.903410355,0.903460394,0.904604256,0.9038273,0.904112861,0.904564627,0.905411595,0.905316788,0.906471195,0.907404378,0.907609831,0.907346548,0.906701997,0.906501803,0.905092503,0.904554309,0.905631187,0.903485811,0.902449303,0.902386733,0.901170466,0.899466302,0.897458484,0.896853517,0.896434485,0.895034492,0.894513993,0.893160518,0.894405418,0.894267285,0.893796072,0.893274828,0.894608414,0.895195978,0.89618864,0.896812291,0.896633424,0.896388743,0.899663173,0.898448119,0.898888099,0.899925282,0.901354171,0.90147813,0.903488907,0.903891159,0.906095924,0.907301822,0.90723839,0.907283155,0.90855829,0.908643733,0.90837112,0.908819873,0.909323944,0.907804731,0.908079811,0.910034896,0.908389619,0.909048184,0.908740518,0.909642448,0.908790248,0.909711081,0.909362217,0.908344399,0.908451473,0.908703651,0.907161332,0.906406599,0.906934618,0.906145171,0.905903576,0.905814456,0.905085339,0.905712447,0.905613461,0.906476071,0.906231445,0.906538698,0.906601752,0.905378065,0.905900549,0.905522754,0.905239959,0.905668907,0.905835765,0.905958221,0.905991074,0.9063745,0.907305139,0.909124632,0.912073033,0.913356097,0.915517487,0.916814147,0.918012073,0.920549176,0.92194564,0.923816767,0.925960778,0.927405318,0.929307356,0.930381103,0.932337337,0.933967582,0.935723645,0.935452203,0.934245693,0.935333652,0.936026526,0.937143483,0.9392053,0.940573238,0.944569002,0.948260744,0.95439721,0.959447994,0.964227876,0.969536871,0.975042872,0.980968776,0.987830306,0.993721945,1.001633667,1.007670161,1.016520407,1.02395753,1.028571103,1.034421896,1.03865568,1.041286744,1.044767748,1.049634624,1.055860938,1.057987059,1.06588679,1.068776333,1.07252969,1.076410348,1.08033385,1.082044182,1.082241195,1.0837071,1.085261213,1.085311101,1.084193084,1.083874911,1.085497274,1.085643454,1.086387823,1.085929815,1.088828658,1.088704002,1.087137204,1.087779108,1.084191356,1.085290241,1.087875744,1.086914269,1.088502204,1.089147813,1.091882272,1.090557233,1.092842066,1.090717068,1.092153139,1.090707884,1.096518282,1.094949251,1.093817518,1.093245562,1.09390442,1.092552252,1.092234719,1.091166062,1.090181285,1.090586094,1.088668592,1.088835851,1.088990519,1.087356115,1.085684656,1.088162162,1.083967128,1.082180733,1.081757655,1.087613875,1.087126613,1.090882364,1.092746632,1.090895194,1.093516387,1.097995386,1.100124414,1.103316373,1.103457596,1.103763074,1.120155578,1.114939074,1.121762916,1.143954975,1.13066627,1.135190613,1.121583093,1.12112422,1.120705364
Doxy_lab_500mg_cap_3,Lab-made,Lab-made,Lab-made,Lab-made,0.798868987,0.810942132,0.810629108,0.810616183,0.81260208,0.812796309,0.813811661,0.819976814,0.824940995,0.827975091,0.83307155,0.837076576,0.838881379,0.841753732,0.842274686,0.84385305,0.846329327,0.847927299,0.847677842,0.850207594,0.850847477,0.852756423,0.852292656,0.854410121,0.85501109,0.855323767,0.85504307,0.855189639,0.856121189,0.857239924,0.857247282,0.857279313,0.857057485,0.857359941,0.857469368,0.855708941,0.855913738,0.856139833,0.854350286,0.853978136,0.852953094,0.851433425,0.849824755,0.848165695,0.847047313,0.846122601,0.846000272,0.84415005,0.843555191,0.844509849,0.843574576,0.843643172,0.844493886,0.84298176,0.843329736,0.84505766,0.846120174,0.846279123,0.846018927,0.847310084,0.845630146,0.847035129,0.84837315,0.848647378,0.848950837,0.851143184,0.852882767,0.853369679,0.855021287,0.855617095,0.854867577,0.855046673,0.855619568,0.855616871,0.857373177,0.857176583,0.85603626,0.857099913,0.857684646,0.856371682,0.856687506,0.857082966,0.857115025,0.857134065,0.858161369,0.857866673,0.856818775,0.858048029,0.857423921,0.856444908,0.856295861,0.855362293,0.855049015,0.854941485,0.855432398,0.855368227,0.855398991,0.855983684,0.856704139,0.856070958,0.856421485,0.855995067,0.854690102,0.855422559,0.855841162,0.855230834,0.855883015,0.854997492,0.855691815,0.854713733,0.85563457,0.856594815,0.858936744,0.860001298,0.862175755,0.864552223,0.86669677,0.868078385,0.870562501,0.871357574,0.873038212,0.875938337,0.87727526,0.878884168,0.879859144,0.88268052,0.883294045,0.885335971,0.884337102,0.884442175,0.884780298,0.886074055,0.886512965,0.888319636,0.890202767,0.893946981,0.898896114,0.903852813,0.91001652,0.91472686,0.920019082,0.926227861,0.93280419,0.939556543,0.945856148,0.952947866,0.960632936,0.969799164,0.976909762,0.981424083,0.987258673,0.991071951,0.994483473,0.999015267,1.003145703,1.009276761,1.012892283,1.018902978,1.024813896,1.0273498,1.031835184,1.034383761,1.038114012,1.037165363,1.039466252,1.040647597,1.040085174,1.039589135,1.040514471,1.040695537,1.041519696,1.041138822,1.042838529,1.042759557,1.044889208,1.044197518,1.04390248,1.040034551,1.041265128,1.042529217,1.043780714,1.045220082,1.044899552,1.045134888,1.045552821,1.050434988,1.048837548,1.048493409,1.048022221,1.051294681,1.051787792,1.051775916,1.051000172,1.050984267,1.048543277,1.051292088,1.046294724,1.045953079,1.048194337,1.046478205,1.047050193,1.046171282,1.047263959,1.045708018,1.046153437,1.044655659,1.040818294,1.041801184,1.044425763,1.048153672,1.049590497,1.048769354,1.053048444,1.058090764,1.058653683,1.062197105,1.065428743,1.066578314,1.072788177,1.075446747,1.07985302,1.100429234,1.103194355,1.108241554,1.098404449,1.102937125,1.085324398,1.0985875
Doxy_lab_500mg_cap00,Lab-made,Lab-made,Lab-made,Lab-made,1.025496892,1.037258883,1.032085905,1.04068055,1.036465225,1.037884351,1.038546099,1.042701568,1.046639243,1.049799866,1.054357118,1.058383248,1.059551609,1.061336674,1.061649348,1.0640371,1.062690062,1.06655585,1.064274368,1.066554661,1.069207799,1.070264211,1.070779501,1.069085379,1.070739844,1.070789887,1.071379088,1.072557618,1.071469216,1.072490321,1.072606814,1.073090811,1.073661733,1.072503439,1.07219003,1.071341038,1.071150349,1.071219742,1.068936382,1.068710771,1.066687944,1.065804137,1.063978904,1.062376515,1.061583745,1.060187962,1.059725111,1.057852109,1.05774278,1.058012612,1.05766909,1.057828463,1.05733322,1.056815214,1.057518098,1.059431607,1.059670747,1.05995174,1.060926898,1.060821743,1.059895047,1.061967255,1.061913364,1.063151606,1.064103022,1.065639587,1.067664015,1.069624361,1.070495294,1.069408629,1.070126077,1.069793013,1.07074217,1.069589914,1.07187759,1.072237888,1.07061069,1.071555644,1.073045432,1.071749802,1.07141545,1.072526657,1.070529454,1.070853482,1.071162561,1.071337904,1.07075357,1.070433786,1.072220621,1.070199316,1.068409772,1.068320765,1.067610758,1.067267456,1.06680254,1.066666456,1.066697224,1.068313032,1.068768749,1.068065971,1.067180793,1.068510931,1.066252129,1.06679875,1.067620904,1.067400841,1.067168873,1.067403109,1.066572078,1.067123916,1.067354857,1.068235551,1.06872008,1.070432616,1.073205922,1.07549487,1.077668897,1.078515438,1.080611067,1.082410477,1.083764659,1.085111802,1.087328339,1.089320621,1.090151542,1.091612328,1.092992653,1.094887068,1.09423057,1.0943548,1.09503172,1.095949351,1.097231491,1.099296057,1.100802046,1.103229723,1.108874922,1.112859008,1.119234236,1.123282226,1.12821864,1.132515214,1.139592774,1.145051728,1.150821599,1.157648956,1.164133728,1.172667296,1.178336566,1.182470415,1.186943755,1.191009266,1.193541703,1.197455697,1.200348328,1.206846416,1.209202595,1.216563631,1.218880354,1.221676997,1.224215455,1.228208519,1.229669825,1.230529109,1.230702515,1.233670261,1.233138899,1.234056602,1.231959746,1.234280128,1.234639911,1.236453998,1.234552186,1.239200355,1.236966167,1.239391219,1.238861065,1.237145954,1.235397792,1.238151579,1.238408114,1.241990638,1.242421577,1.243429384,1.24555981,1.247753042,1.246546236,1.246648468,1.245007764,1.252011521,1.250403795,1.254136662,1.252799247,1.256058962,1.251462088,1.251844228,1.251573074,1.248680431,1.252049707,1.248710076,1.250720131,1.251522189,1.250560327,1.252980561,1.249585204,1.247265356,1.244337528,1.249497145,1.250005109,1.24865432,1.25015219,1.254772889,1.25571539,1.261099808,1.255683175,1.252903524,1.259344491,1.255014897,1.255180263,1.259331983,1.2621767,1.263128903,1.259257211,1.259363296,1.256691559,1.265284768,1.241308449,1.241933816
,,,,,,,,,,,,,,,,,,,,,,,,,,,,,,,,,,,,,,,,,,,,,,,,,,,,,,,,,,,,,,,,,,,,,,,,,,,,,,,,,,,,,,,,,,,,,,,,,,,,,,,,,,,,,,,,,,,,,,,,,,,,,,,,,,,,,,,,,,,,,,,,,,,,,,,,,,,,,,,,,,,,,,,,,,,,,,,,,,,,,,,,,,,,,,,,,,,,,,,,,,,,,,,,,,,,,,,,,,,,,,,,,,,,,,,,
,,,,,,,,,,,,,,,,,,,,,,,,,,,,,,,,,,,,,,,,,,,,,,,,,,,,,,,,,,,,,,,,,,,,,,,,,,,,,,,,,,,,,,,,,,,,,,,,,,,,,,,,,,,,,,,,,,,,,,,,,,,,,,,,,,,,,,,,,,,,,,,,,,,,,,,,,,,,,,,,,,,,,,,,,,,,,,,,,,,,,,,,,,,,,,,,,,,,,,,,,,,,,,,,,,,,,,,,,,,,,,,,,,,,,,,,
,,,,,,,,,,,,,,,,,,,,,,,,,,,,,,,,,,,,,,,,,,,,,,,,,,,,,,,,,,,,,,,,,,,,,,,,,,,,,,,,,,,,,,,,,,,,,,,,,,,,,,,,,,,,,,,,,,,,,,,,,,,,,,,,,,,,,,,,,,,,,,,,,,,,,,,,,,,,,,,,,,,,,,,,,,,,,,,,,,,,,,,,,,,,,,,,,,,,,,,,,,,,,,,,,,,,,,,,,,,,,,,,,,,,,,,,
,,,,,,,,,,,,,,,,,,,,,,,,,,,,,,,,,,,,,,,,,,,,,,,,,,,,,,,,,,,,,,,,,,,,,,,,,,,,,,,,,,,,,,,,,,,,,,,,,,,,,,,,,,,,,,,,,,,,,,,,,,,,,,,,,,,,,,,,,,,,,,,,,,,,,,,,,,,,,,,,,,,,,,,,,,,,,,,,,,,,,,,,,,,,,,,,,,,,,,,,,,,,,,,,,,,,,,,,,,,,,,,,,,,,,,,,
,,,,,,,,,,,,,,,,,,,,,,,,,,,,,,,,,,,,,,,,,,,,,,,,,,,,,,,,,,,,,,,,,,,,,,,,,,,,,,,,,,,,,,,,,,,,,,,,,,,,,,,,,,,,,,,,,,,,,,,,,,,,,,,,,,,,,,,,,,,,,,,,,,,,,,,,,,,,,,,,,,,,,,,,,,,,,,,,,,,,,,,,,,,,,,,,,,,,,,,,,,,,,,,,,,,,,,,,,,,,,,,,,,,,,,,,
,,,,,,,,,,,,,,,,,,,,,,,,,,,,,,,,,,,,,,,,,,,,,,,,,,,,,,,,,,,,,,,,,,,,,,,,,,,,,,,,,,,,,,,,,,,,,,,,,,,,,,,,,,,,,,,,,,,,,,,,,,,,,,,,,,,,,,,,,,,,,,,,,,,,,,,,,,,,,,,,,,,,,,,,,,,,,,,,,,,,,,,,,,,,,,,,,,,,,,,,,,,,,,,,,,,,,,,,,,,,,,,,,,,,,,,,
,,,,,,,,,,,,,,,,,,,,,,,,,,,,,,,,,,,,,,,,,,,,,,,,,,,,,,,,,,,,,,,,,,,,,,,,,,,,,,,,,,,,,,,,,,,,,,,,,,,,,,,,,,,,,,,,,,,,,,,,,,,,,,,,,,,,,,,,,,,,,,,,,,,,,,,,,,,,,,,,,,,,,,,,,,,,,,,,,,,,,,,,,,,,,,,,,,,,,,,,,,,,,,,,,,,,,,,,,,,,,,,,,,,,,,,,
,,,,,,,,,,,,,,,,,,,,,,,,,,,,,,,,,,,,,,,,,,,,,,,,,,,,,,,,,,,,,,,,,,,,,,,,,,,,,,,,,,,,,,,,,,,,,,,,,,,,,,,,,,,,,,,,,,,,,,,,,,,,,,,,,,,,,,,,,,,,,,,,,,,,,,,,,,,,,,,,,,,,,,,,,,,,,,,,,,,,,,,,,,,,,,,,,,,,,,,,,,,,,,,,,,,,,,,,,,,,,,,,,,,,,,,,
,,,,,,,,,,,,,,,,,,,,,,,,,,,,,,,,,,,,,,,,,,,,,,,,,,,,,,,,,,,,,,,,,,,,,,,,,,,,,,,,,,,,,,,,,,,,,,,,,,,,,,,,,,,,,,,,,,,,,,,,,,,,,,,,,,,,,,,,,,,,,,,,,,,,,,,,,,,,,,,,,,,,,,,,,,,,,,,,,,,,,,,,,,,,,,,,,,,,,,,,,,,,,,,,,,,,,,,,,,,,,,,,,,,,,,,,
,,,,,,,,,,,,,,,,,,,,,,,,,,,,,,,,,,,,,,,,,,,,,,,,,,,,,,,,,,,,,,,,,,,,,,,,,,,,,,,,,,,,,,,,,,,,,,,,,,,,,,,,,,,,,,,,,,,,,,,,,,,,,,,,,,,,,,,,,,,,,,,,,,,,,,,,,,,,,,,,,,,,,,,,,,,,,,,,,,,,,,,,,,,,,,,,,,,,,,,,,,,,,,,,,,,,,,,,,,,,,,,,,,,,,,,,
,,,,,,,,,,,,,,,,,,,,,,,,,,,,,,,,,,,,,,,,,,,,,,,,,,,,,,,,,,,,,,,,,,,,,,,,,,,,,,,,,,,,,,,,,,,,,,,,,,,,,,,,,,,,,,,,,,,,,,,,,,,,,,,,,,,,,,,,,,,,,,,,,,,,,,,,,,,,,,,,,,,,,,,,,,,,,,,,,,,,,,,,,,,,,,,,,,,,,,,,,,,,,,,,,,,,,,,,,,,,,,,,,,,,,,,,
,,,,,,,,,,,,,,,,,,,,,,,,,,,,,,,,,,,,,,,,,,,,,,,,,,,,,,,,,,,,,,,,,,,,,,,,,,,,,,,,,,,,,,,,,,,,,,,,,,,,,,,,,,,,,,,,,,,,,,,,,,,,,,,,,,,,,,,,,,,,,,,,,,,,,,,,,,,,,,,,,,,,,,,,,,,,,,,,,,,,,,,,,,,,,,,,,,,,,,,,,,,,,,,,,,,,,,,,,,,,,,,,,,,,,,,,
,,,,,,,,,,,,,,,,,,,,,,,,,,,,,,,,,,,,,,,,,,,,,,,,,,,,,,,,,,,,,,,,,,,,,,,,,,,,,,,,,,,,,,,,,,,,,,,,,,,,,,,,,,,,,,,,,,,,,,,,,,,,,,,,,,,,,,,,,,,,,,,,,,,,,,,,,,,,,,,,,,,,,,,,,,,,,,,,,,,,,,,,,,,,,,,,,,,,,,,,,,,,,,,,,,,,,,,,,,,,,,,,,,,,,,,,
,,,,,,,,,,,,,,,,,,,,,,,,,,,,,,,,,,,,,,,,,,,,,,,,,,,,,,,,,,,,,,,,,,,,,,,,,,,,,,,,,,,,,,,,,,,,,,,,,,,,,,,,,,,,,,,,,,,,,,,,,,,,,,,,,,,,,,,,,,,,,,,,,,,,,,,,,,,,,,,,,,,,,,,,,,,,,,,,,,,,,,,,,,,,,,,,,,,,,,,,,,,,,,,,,,,,,,,,,,,,,,,,,,,,,,,,
,,,,,,,,,,,,,,,,,,,,,,,,,,,,,,,,,,,,,,,,,,,,,,,,,,,,,,,,,,,,,,,,,,,,,,,,,,,,,,,,,,,,,,,,,,,,,,,,,,,,,,,,,,,,,,,,,,,,,,,,,,,,,,,,,,,,,,,,,,,,,,,,,,,,,,,,,,,,,,,,,,,,,,,,,,,,,,,,,,,,,,,,,,,,,,,,,,,,,,,,,,,,,,,,,,,,,,,,,,,,,,,,,,,,,,,,
,,,,,,,,,,,,,,,,,,,,,,,,,,,,,,,,,,,,,,,,,,,,,,,,,,,,,,,,,,,,,,,,,,,,,,,,,,,,,,,,,,,,,,,,,,,,,,,,,,,,,,,,,,,,,,,,,,,,,,,,,,,,,,,,,,,,,,,,,,,,,,,,,,,,,,,,,,,,,,,,,,,,,,,,,,,,,,,,,,,,,,,,,,,,,,,,,,,,,,,,,,,,,,,,,,,,,,,,,,,,,,,,,,,,,,,,
,,,,,,,,,,,,,,,,,,,,,,,,,,,,,,,,,,,,,,,,,,,,,,,,,,,,,,,,,,,,,,,,,,,,,,,,,,,,,,,,,,,,,,,,,,,,,,,,,,,,,,,,,,,,,,,,,,,,,,,,,,,,,,,,,,,,,,,,,,,,,,,,,,,,,,,,,,,,,,,,,,,,,,,,,,,,,,,,,,,,,,,,,,,,,,,,,,,,,,,,,,,,,,,,,,,,,,,,,,,,,,,,,,,,,,,,
,,,,,,,,,,,,,,,,,,,,,,,,,,,,,,,,,,,,,,,,,,,,,,,,,,,,,,,,,,,,,,,,,,,,,,,,,,,,,,,,,,,,,,,,,,,,,,,,,,,,,,,,,,,,,,,,,,,,,,,,,,,,,,,,,,,,,,,,,,,,,,,,,,,,,,,,,,,,,,,,,,,,,,,,,,,,,,,,,,,,,,,,,,,,,,,,,,,,,,,,,,,,,,,,,,,,,,,,,,,,,,,,,,,,,,,,
,,,,,,,,,,,,,,,,,,,,,,,,,,,,,,,,,,,,,,,,,,,,,,,,,,,,,,,,,,,,,,,,,,,,,,,,,,,,,,,,,,,,,,,,,,,,,,,,,,,,,,,,,,,,,,,,,,,,,,,,,,,,,,,,,,,,,,,,,,,,,,,,,,,,,,,,,,,,,,,,,,,,,,,,,,,,,,,,,,,,,,,,,,,,,,,,,,,,,,,,,,,,,,,,,,,,,,,,,,,,,,,,,,,,,,,,
,,,,,,,,,,,,,,,,,,,,,,,,,,,,,,,,,,,,,,,,,,,,,,,,,,,,,,,,,,,,,,,,,,,,,,,,,,,,,,,,,,,,,,,,,,,,,,,,,,,,,,,,,,,,,,,,,,,,,,,,,,,,,,,,,,,,,,,,,,,,,,,,,,,,,,,,,,,,,,,,,,,,,,,,,,,,,,,,,,,,,,,,,,,,,,,,,,,,,,,,,,,,,,,,,,,,,,,,,,,,,,,,,,,,,,,,
,,,,,,,,,,,,,,,,,,,,,,,,,,,,,,,,,,,,,,,,,,,,,,,,,,,,,,,,,,,,,,,,,,,,,,,,,,,,,,,,,,,,,,,,,,,,,,,,,,,,,,,,,,,,,,,,,,,,,,,,,,,,,,,,,,,,,,,,,,,,,,,,,,,,,,,,,,,,,,,,,,,,,,,,,,,,,,,,,,,,,,,,,,,,,,,,,,,,,,,,,,,,,,,,,,,,,,,,,,,,,,,,,,,,,,,,
,,,,,,,,,,,,,,,,,,,,,,,,,,,,,,,,,,,,,,,,,,,,,,,,,,,,,,,,,,,,,,,,,,,,,,,,,,,,,,,,,,,,,,,,,,,,,,,,,,,,,,,,,,,,,,,,,,,,,,,,,,,,,,,,,,,,,,,,,,,,,,,,,,,,,,,,,,,,,,,,,,,,,,,,,,,,,,,,,,,,,,,,,,,,,,,,,,,,,,,,,,,,,,,,,,,,,,,,,,,,,,,,,,,,,,,,
,,,,,,,,,,,,,,,,,,,,,,,,,,,,,,,,,,,,,,,,,,,,,,,,,,,,,,,,,,,,,,,,,,,,,,,,,,,,,,,,,,,,,,,,,,,,,,,,,,,,,,,,,,,,,,,,,,,,,,,,,,,,,,,,,,,,,,,,,,,,,,,,,,,,,,,,,,,,,,,,,,,,,,,,,,,,,,,,,,,,,,,,,,,,,,,,,,,,,,,,,,,,,,,,,,,,,,,,,,,,,,,,,,,,,,,,
,,,,,,,,,,,,,,,,,,,,,,,,,,,,,,,,,,,,,,,,,,,,,,,,,,,,,,,,,,,,,,,,,,,,,,,,,,,,,,,,,,,,,,,,,,,,,,,,,,,,,,,,,,,,,,,,,,,,,,,,,,,,,,,,,,,,,,,,,,,,,,,,,,,,,,,,,,,,,,,,,,,,,,,,,,,,,,,,,,,,,,,,,,,,,,,,,,,,,,,,,,,,,,,,,,,,,,,,,,,,,,,,,,,,,,,,
,,,,,,,,,,,,,,,,,,,,,,,,,,,,,,,,,,,,,,,,,,,,,,,,,,,,,,,,,,,,,,,,,,,,,,,,,,,,,,,,,,,,,,,,,,,,,,,,,,,,,,,,,,,,,,,,,,,,,,,,,,,,,,,,,,,,,,,,,,,,,,,,,,,,,,,,,,,,,,,,,,,,,,,,,,,,,,,,,,,,,,,,,,,,,,,,,,,,,,,,,,,,,,,,,,,,,,,,,,,,,,,,,,,,,,,,
,,,,,,,,,,,,,,,,,,,,,,,,,,,,,,,,,,,,,,,,,,,,,,,,,,,,,,,,,,,,,,,,,,,,,,,,,,,,,,,,,,,,,,,,,,,,,,,,,,,,,,,,,,,,,,,,,,,,,,,,,,,,,,,,,,,,,,,,,,,,,,,,,,,,,,,,,,,,,,,,,,,,,,,,,,,,,,,,,,,,,,,,,,,,,,,,,,,,,,,,,,,,,,,,,,,,,,,,,,,,,,,,,,,,,,,,
,,,,,,,,,,,,,,,,,,,,,,,,,,,,,,,,,,,,,,,,,,,,,,,,,,,,,,,,,,,,,,,,,,,,,,,,,,,,,,,,,,,,,,,,,,,,,,,,,,,,,,,,,,,,,,,,,,,,,,,,,,,,,,,,,,,,,,,,,,,,,,,,,,,,,,,,,,,,,,,,,,,,,,,,,,,,,,,,,,,,,,,,,,,,,,,,,,,,,,,,,,,,,,,,,,,,,,,,,,,,,,,,,,,,,,,,
,,,,,,,,,,,,,,,,,,,,,,,,,,,,,,,,,,,,,,,,,,,,,,,,,,,,,,,,,,,,,,,,,,,,,,,,,,,,,,,,,,,,,,,,,,,,,,,,,,,,,,,,,,,,,,,,,,,,,,,,,,,,,,,,,,,,,,,,,,,,,,,,,,,,,,,,,,,,,,,,,,,,,,,,,,,,,,,,,,,,,,,,,,,,,,,,,,,,,,,,,,,,,,,,,,,,,,,,,,,,,,,,,,,,,,,,
,,,,,,,,,,,,,,,,,,,,,,,,,,,,,,,,,,,,,,,,,,,,,,,,,,,,,,,,,,,,,,,,,,,,,,,,,,,,,,,,,,,,,,,,,,,,,,,,,,,,,,,,,,,,,,,,,,,,,,,,,,,,,,,,,,,,,,,,,,,,,,,,,,,,,,,,,,,,,,,,,,,,,,,,,,,,,,,,,,,,,,,,,,,,,,,,,,,,,,,,,,,,,,,,,,,,,,,,,,,,,,,,,,,,,,,,
,,,,,,,,,,,,,,,,,,,,,,,,,,,,,,,,,,,,,,,,,,,,,,,,,,,,,,,,,,,,,,,,,,,,,,,,,,,,,,,,,,,,,,,,,,,,,,,,,,,,,,,,,,,,,,,,,,,,,,,,,,,,,,,,,,,,,,,,,,,,,,,,,,,,,,,,,,,,,,,,,,,,,,,,,,,,,,,,,,,,,,,,,,,,,,,,,,,,,,,,,,,,,,,,,,,,,,,,,,,,,,,,,,,,,,,,
,,,,,,,,,,,,,,,,,,,,,,,,,,,,,,,,,,,,,,,,,,,,,,,,,,,,,,,,,,,,,,,,,,,,,,,,,,,,,,,,,,,,,,,,,,,,,,,,,,,,,,,,,,,,,,,,,,,,,,,,,,,,,,,,,,,,,,,,,,,,,,,,,,,,,,,,,,,,,,,,,,,,,,,,,,,,,,,,,,,,,,,,,,,,,,,,,,,,,,,,,,,,,,,,,,,,,,,,,,,,,,,,,,,,,,,,
,,,,,,,,,,,,,,,,,,,,,,,,,,,,,,,,,,,,,,,,,,,,,,,,,,,,,,,,,,,,,,,,,,,,,,,,,,,,,,,,,,,,,,,,,,,,,,,,,,,,,,,,,,,,,,,,,,,,,,,,,,,,,,,,,,,,,,,,,,,,,,,,,,,,,,,,,,,,,,,,,,,,,,,,,,,,,,,,,,,,,,,,,,,,,,,,,,,,,,,,,,,,,,,,,,,,,,,,,,,,,,,,,,,,,,,,
,,,,,,,,,,,,,,,,,,,,,,,,,,,,,,,,,,,,,,,,,,,,,,,,,,,,,,,,,,,,,,,,,,,,,,,,,,,,,,,,,,,,,,,,,,,,,,,,,,,,,,,,,,,,,,,,,,,,,,,,,,,,,,,,,,,,,,,,,,,,,,,,,,,,,,,,,,,,,,,,,,,,,,,,,,,,,,,,,,,,,,,,,,,,,,,,,,,,,,,,,,,,,,,,,,,,,,,,,,,,,,,,,,,,,,,,
,,,,,,,,,,,,,,,,,,,,,,,,,,,,,,,,,,,,,,,,,,,,,,,,,,,,,,,,,,,,,,,,,,,,,,,,,,,,,,,,,,,,,,,,,,,,,,,,,,,,,,,,,,,,,,,,,,,,,,,,,,,,,,,,,,,,,,,,,,,,,,,,,,,,,,,,,,,,,,,,,,,,,,,,,,,,,,,,,,,,,,,,,,,,,,,,,,,,,,,,,,,,,,,,,,,,,,,,,,,,,,,,,,,,,,,,
,,,,,,,,,,,,,,,,,,,,,,,,,,,,,,,,,,,,,,,,,,,,,,,,,,,,,,,,,,,,,,,,,,,,,,,,,,,,,,,,,,,,,,,,,,,,,,,,,,,,,,,,,,,,,,,,,,,,,,,,,,,,,,,,,,,,,,,,,,,,,,,,,,,,,,,,,,,,,,,,,,,,,,,,,,,,,,,,,,,,,,,,,,,,,,,,,,,,,,,,,,,,,,,,,,,,,,,,,,,,,,,,,,,,,,,,
,,,,,,,,,,,,,,,,,,,,,,,,,,,,,,,,,,,,,,,,,,,,,,,,,,,,,,,,,,,,,,,,,,,,,,,,,,,,,,,,,,,,,,,,,,,,,,,,,,,,,,,,,,,,,,,,,,,,,,,,,,,,,,,,,,,,,,,,,,,,,,,,,,,,,,,,,,,,,,,,,,,,,,,,,,,,,,,,,,,,,,,,,,,,,,,,,,,,,,,,,,,,,,,,,,,,,,,,,,,,,,,,,,,,,,,,
,,,,,,,,,,,,,,,,,,,,,,,,,,,,,,,,,,,,,,,,,,,,,,,,,,,,,,,,,,,,,,,,,,,,,,,,,,,,,,,,,,,,,,,,,,,,,,,,,,,,,,,,,,,,,,,,,,,,,,,,,,,,,,,,,,,,,,,,,,,,,,,,,,,,,,,,,,,,,,,,,,,,,,,,,,,,,,,,,,,,,,,,,,,,,,,,,,,,,,,,,,,,,,,,,,,,,,,,,,,,,,,,,,,,,,,,
,,,,,,,,,,,,,,,,,,,,,,,,,,,,,,,,,,,,,,,,,,,,,,,,,,,,,,,,,,,,,,,,,,,,,,,,,,,,,,,,,,,,,,,,,,,,,,,,,,,,,,,,,,,,,,,,,,,,,,,,,,,,,,,,,,,,,,,,,,,,,,,,,,,,,,,,,,,,,,,,,,,,,,,,,,,,,,,,,,,,,,,,,,,,,,,,,,,,,,,,,,,,,,,,,,,,,,,,,,,,,,,,,,,,,,,,
,,,,,,,,,,,,,,,,,,,,,,,,,,,,,,,,,,,,,,,,,,,,,,,,,,,,,,,,,,,,,,,,,,,,,,,,,,,,,,,,,,,,,,,,,,,,,,,,,,,,,,,,,,,,,,,,,,,,,,,,,,,,,,,,,,,,,,,,,,,,,,,,,,,,,,,,,,,,,,,,,,,,,,,,,,,,,,,,,,,,,,,,,,,,,,,,,,,,,,,,,,,,,,,,,,,,,,,,,,,,,,,,,,,,,,,,
,,,,,,,,,,,,,,,,,,,,,,,,,,,,,,,,,,,,,,,,,,,,,,,,,,,,,,,,,,,,,,,,,,,,,,,,,,,,,,,,,,,,,,,,,,,,,,,,,,,,,,,,,,,,,,,,,,,,,,,,,,,,,,,,,,,,,,,,,,,,,,,,,,,,,,,,,,,,,,,,,,,,,,,,,,,,,,,,,,,,,,,,,,,,,,,,,,,,,,,,,,,,,,,,,,,,,,,,,,,,,,,,,,,,,,,,
,,,,,,,,,,,,,,,,,,,,,,,,,,,,,,,,,,,,,,,,,,,,,,,,,,,,,,,,,,,,,,,,,,,,,,,,,,,,,,,,,,,,,,,,,,,,,,,,,,,,,,,,,,,,,,,,,,,,,,,,,,,,,,,,,,,,,,,,,,,,,,,,,,,,,,,,,,,,,,,,,,,,,,,,,,,,,,,,,,,,,,,,,,,,,,,,,,,,,,,,,,,,,,,,,,,,,,,,,,,,,,,,,,,,,,,,
,,,,,,,,,,,,,,,,,,,,,,,,,,,,,,,,,,,,,,,,,,,,,,,,,,,,,,,,,,,,,,,,,,,,,,,,,,,,,,,,,,,,,,,,,,,,,,,,,,,,,,,,,,,,,,,,,,,,,,,,,,,,,,,,,,,,,,,,,,,,,,,,,,,,,,,,,,,,,,,,,,,,,,,,,,,,,,,,,,,,,,,,,,,,,,,,,,,,,,,,,,,,,,,,,,,,,,,,,,,,,,,,,,,,,,,,
,,,,,,,,,,,,,,,,,,,,,,,,,,,,,,,,,,,,,,,,,,,,,,,,,,,,,,,,,,,,,,,,,,,,,,,,,,,,,,,,,,,,,,,,,,,,,,,,,,,,,,,,,,,,,,,,,,,,,,,,,,,,,,,,,,,,,,,,,,,,,,,,,,,,,,,,,,,,,,,,,,,,,,,,,,,,,,,,,,,,,,,,,,,,,,,,,,,,,,,,,,,,,,,,,,,,,,,,,,,,,,,,,,,,,,,,
,,,,,,,,,,,,,,,,,,,,,,,,,,,,,,,,,,,,,,,,,,,,,,,,,,,,,,,,,,,,,,,,,,,,,,,,,,,,,,,,,,,,,,,,,,,,,,,,,,,,,,,,,,,,,,,,,,,,,,,,,,,,,,,,,,,,,,,,,,,,,,,,,,,,,,,,,,,,,,,,,,,,,,,,,,,,,,,,,,,,,,,,,,,,,,,,,,,,,,,,,,,,,,,,,,,,,,,,,,,,,,,,,,,,,,,,
,,,,,,,,,,,,,,,,,,,,,,,,,,,,,,,,,,,,,,,,,,,,,,,,,,,,,,,,,,,,,,,,,,,,,,,,,,,,,,,,,,,,,,,,,,,,,,,,,,,,,,,,,,,,,,,,,,,,,,,,,,,,,,,,,,,,,,,,,,,,,,,,,,,,,,,,,,,,,,,,,,,,,,,,,,,,,,,,,,,,,,,,,,,,,,,,,,,,,,,,,,,,,,,,,,,,,,,,,,,,,,,,,,,,,,,,
,,,,,,,,,,,,,,,,,,,,,,,,,,,,,,,,,,,,,,,,,,,,,,,,,,,,,,,,,,,,,,,,,,,,,,,,,,,,,,,,,,,,,,,,,,,,,,,,,,,,,,,,,,,,,,,,,,,,,,,,,,,,,,,,,,,,,,,,,,,,,,,,,,,,,,,,,,,,,,,,,,,,,,,,,,,,,,,,,,,,,,,,,,,,,,,,,,,,,,,,,,,,,,,,,,,,,,,,,,,,,,,,,,,,,,,,
,,,,,,,,,,,,,,,,,,,,,,,,,,,,,,,,,,,,,,,,,,,,,,,,,,,,,,,,,,,,,,,,,,,,,,,,,,,,,,,,,,,,,,,,,,,,,,,,,,,,,,,,,,,,,,,,,,,,,,,,,,,,,,,,,,,,,,,,,,,,,,,,,,,,,,,,,,,,,,,,,,,,,,,,,,,,,,,,,,,,,,,,,,,,,,,,,,,,,,,,,,,,,,,,,,,,,,,,,,,,,,,,,,,,,,,,
,,,,,,,,,,,,,,,,,,,,,,,,,,,,,,,,,,,,,,,,,,,,,,,,,,,,,,,,,,,,,,,,,,,,,,,,,,,,,,,,,,,,,,,,,,,,,,,,,,,,,,,,,,,,,,,,,,,,,,,,,,,,,,,,,,,,,,,,,,,,,,,,,,,,,,,,,,,,,,,,,,,,,,,,,,,,,,,,,,,,,,,,,,,,,,,,,,,,,,,,,,,,,,,,,,,,,,,,,,,,,,,,,,,,,,,,
,,,,,,,,,,,,,,,,,,,,,,,,,,,,,,,,,,,,,,,,,,,,,,,,,,,,,,,,,,,,,,,,,,,,,,,,,,,,,,,,,,,,,,,,,,,,,,,,,,,,,,,,,,,,,,,,,,,,,,,,,,,,,,,,,,,,,,,,,,,,,,,,,,,,,,,,,,,,,,,,,,,,,,,,,,,,,,,,,,,,,,,,,,,,,,,,,,,,,,,,,,,,,,,,,,,,,,,,,,,,,,,,,,,,,,,,
,,,,,,,,,,,,,,,,,,,,,,,,,,,,,,,,,,,,,,,,,,,,,,,,,,,,,,,,,,,,,,,,,,,,,,,,,,,,,,,,,,,,,,,,,,,,,,,,,,,,,,,,,,,,,,,,,,,,,,,,,,,,,,,,,,,,,,,,,,,,,,,,,,,,,,,,,,,,,,,,,,,,,,,,,,,,,,,,,,,,,,,,,,,,,,,,,,,,,,,,,,,,,,,,,,,,,,,,,,,,,,,,,,,,,,,,
,,,,,,,,,,,,,,,,,,,,,,,,,,,,,,,,,,,,,,,,,,,,,,,,,,,,,,,,,,,,,,,,,,,,,,,,,,,,,,,,,,,,,,,,,,,,,,,,,,,,,,,,,,,,,,,,,,,,,,,,,,,,,,,,,,,,,,,,,,,,,,,,,,,,,,,,,,,,,,,,,,,,,,,,,,,,,,,,,,,,,,,,,,,,,,,,,,,,,,,,,,,,,,,,,,,,,,,,,,,,,,,,,,,,,,,,
,,,,,,,,,,,,,,,,,,,,,,,,,,,,,,,,,,,,,,,,,,,,,,,,,,,,,,,,,,,,,,,,,,,,,,,,,,,,,,,,,,,,,,,,,,,,,,,,,,,,,,,,,,,,,,,,,,,,,,,,,,,,,,,,,,,,,,,,,,,,,,,,,,,,,,,,,,,,,,,,,,,,,,,,,,,,,,,,,,,,,,,,,,,,,,,,,,,,,,,,,,,,,,,,,,,,,,,,,,,,,,,,,,,,,,,,
,,,,,,,,,,,,,,,,,,,,,,,,,,,,,,,,,,,,,,,,,,,,,,,,,,,,,,,,,,,,,,,,,,,,,,,,,,,,,,,,,,,,,,,,,,,,,,,,,,,,,,,,,,,,,,,,,,,,,,,,,,,,,,,,,,,,,,,,,,,,,,,,,,,,,,,,,,,,,,,,,,,,,,,,,,,,,,,,,,,,,,,,,,,,,,,,,,,,,,,,,,,,,,,,,,,,,,,,,,,,,,,,,,,,,,,,
,,,,,,,,,,,,,,,,,,,,,,,,,,,,,,,,,,,,,,,,,,,,,,,,,,,,,,,,,,,,,,,,,,,,,,,,,,,,,,,,,,,,,,,,,,,,,,,,,,,,,,,,,,,,,,,,,,,,,,,,,,,,,,,,,,,,,,,,,,,,,,,,,,,,,,,,,,,,,,,,,,,,,,,,,,,,,,,,,,,,,,,,,,,,,,,,,,,,,,,,,,,,,,,,,,,,,,,,,,,,,,,,,,,,,,,,
,,,,,,,,,,,,,,,,,,,,,,,,,,,,,,,,,,,,,,,,,,,,,,,,,,,,,,,,,,,,,,,,,,,,,,,,,,,,,,,,,,,,,,,,,,,,,,,,,,,,,,,,,,,,,,,,,,,,,,,,,,,,,,,,,,,,,,,,,,,,,,,,,,,,,,,,,,,,,,,,,,,,,,,,,,,,,,,,,,,,,,,,,,,,,,,,,,,,,,,,,,,,,,,,,,,,,,,,,,,,,,,,,,,,,,,,
,,,,,,,,,,,,,,,,,,,,,,,,,,,,,,,,,,,,,,,,,,,,,,,,,,,,,,,,,,,,,,,,,,,,,,,,,,,,,,,,,,,,,,,,,,,,,,,,,,,,,,,,,,,,,,,,,,,,,,,,,,,,,,,,,,,,,,,,,,,,,,,,,,,,,,,,,,,,,,,,,,,,,,,,,,,,,,,,,,,,,,,,,,,,,,,,,,,,,,,,,,,,,,,,,,,,,,,,,,,,,,,,,,,,,,,,
,,,,,,,,,,,,,,,,,,,,,,,,,,,,,,,,,,,,,,,,,,,,,,,,,,,,,,,,,,,,,,,,,,,,,,,,,,,,,,,,,,,,,,,,,,,,,,,,,,,,,,,,,,,,,,,,,,,,,,,,,,,,,,,,,,,,,,,,,,,,,,,,,,,,,,,,,,,,,,,,,,,,,,,,,,,,,,,,,,,,,,,,,,,,,,,,,,,,,,,,,,,,,,,,,,,,,,,,,,,,,,,,,,,,,,,,
,,,,,,,,,,,,,,,,,,,,,,,,,,,,,,,,,,,,,,,,,,,,,,,,,,,,,,,,,,,,,,,,,,,,,,,,,,,,,,,,,,,,,,,,,,,,,,,,,,,,,,,,,,,,,,,,,,,,,,,,,,,,,,,,,,,,,,,,,,,,,,,,,,,,,,,,,,,,,,,,,,,,,,,,,,,,,,,,,,,,,,,,,,,,,,,,,,,,,,,,,,,,,,,,,,,,,,,,,,,,,,,,,,,,,,,,
,,,,,,,,,,,,,,,,,,,,,,,,,,,,,,,,,,,,,,,,,,,,,,,,,,,,,,,,,,,,,,,,,,,,,,,,,,,,,,,,,,,,,,,,,,,,,,,,,,,,,,,,,,,,,,,,,,,,,,,,,,,,,,,,,,,,,,,,,,,,,,,,,,,,,,,,,,,,,,,,,,,,,,,,,,,,,,,,,,,,,,,,,,,,,,,,,,,,,,,,,,,,,,,,,,,,,,,,,,,,,,,,,,,,,,,,
,,,,,,,,,,,,,,,,,,,,,,,,,,,,,,,,,,,,,,,,,,,,,,,,,,,,,,,,,,,,,,,,,,,,,,,,,,,,,,,,,,,,,,,,,,,,,,,,,,,,,,,,,,,,,,,,,,,,,,,,,,,,,,,,,,,,,,,,,,,,,,,,,,,,,,,,,,,,,,,,,,,,,,,,,,,,,,,,,,,,,,,,,,,,,,,,,,,,,,,,,,,,,,,,,,,,,,,,,,,,,,,,,,,,,,,,
,,,,,,,,,,,,,,,,,,,,,,,,,,,,,,,,,,,,,,,,,,,,,,,,,,,,,,,,,,,,,,,,,,,,,,,,,,,,,,,,,,,,,,,,,,,,,,,,,,,,,,,,,,,,,,,,,,,,,,,,,,,,,,,,,,,,,,,,,,,,,,,,,,,,,,,,,,,,,,,,,,,,,,,,,,,,,,,,,,,,,,,,,,,,,,,,,,,,,,,,,,,,,,,,,,,,,,,,,,,,,,,,,,,,,,,,
,,,,,,,,,,,,,,,,,,,,,,,,,,,,,,,,,,,,,,,,,,,,,,,,,,,,,,,,,,,,,,,,,,,,,,,,,,,,,,,,,,,,,,,,,,,,,,,,,,,,,,,,,,,,,,,,,,,,,,,,,,,,,,,,,,,,,,,,,,,,,,,,,,,,,,,,,,,,,,,,,,,,,,,,,,,,,,,,,,,,,,,,,,,,,,,,,,,,,,,,,,,,,,,,,,,,,,,,,,,,,,,,,,,,,,,,
,,,,,,,,,,,,,,,,,,,,,,,,,,,,,,,,,,,,,,,,,,,,,,,,,,,,,,,,,,,,,,,,,,,,,,,,,,,,,,,,,,,,,,,,,,,,,,,,,,,,,,,,,,,,,,,,,,,,,,,,,,,,,,,,,,,,,,,,,,,,,,,,,,,,,,,,,,,,,,,,,,,,,,,,,,,,,,,,,,,,,,,,,,,,,,,,,,,,,,,,,,,,,,,,,,,,,,,,,,,,,,,,,,,,,,,,
,,,,,,,,,,,,,,,,,,,,,,,,,,,,,,,,,,,,,,,,,,,,,,,,,,,,,,,,,,,,,,,,,,,,,,,,,,,,,,,,,,,,,,,,,,,,,,,,,,,,,,,,,,,,,,,,,,,,,,,,,,,,,,,,,,,,,,,,,,,,,,,,,,,,,,,,,,,,,,,,,,,,,,,,,,,,,,,,,,,,,,,,,,,,,,,,,,,,,,,,,,,,,,,,,,,,,,,,,,,,,,,,,,,,,,,,
,,,,,,,,,,,,,,,,,,,,,,,,,,,,,,,,,,,,,,,,,,,,,,,,,,,,,,,,,,,,,,,,,,,,,,,,,,,,,,,,,,,,,,,,,,,,,,,,,,,,,,,,,,,,,,,,,,,,,,,,,,,,,,,,,,,,,,,,,,,,,,,,,,,,,,,,,,,,,,,,,,,,,,,,,,,,,,,,,,,,,,,,,,,,,,,,,,,,,,,,,,,,,,,,,,,,,,,,,,,,,,,,,,,,,,,,
,,,,,,,,,,,,,,,,,,,,,,,,,,,,,,,,,,,,,,,,,,,,,,,,,,,,,,,,,,,,,,,,,,,,,,,,,,,,,,,,,,,,,,,,,,,,,,,,,,,,,,,,,,,,,,,,,,,,,,,,,,,,,,,,,,,,,,,,,,,,,,,,,,,,,,,,,,,,,,,,,,,,,,,,,,,,,,,,,,,,,,,,,,,,,,,,,,,,,,,,,,,,,,,,,,,,,,,,,,,,,,,,,,,,,,,,
,,,,,,,,,,,,,,,,,,,,,,,,,,,,,,,,,,,,,,,,,,,,,,,,,,,,,,,,,,,,,,,,,,,,,,,,,,,,,,,,,,,,,,,,,,,,,,,,,,,,,,,,,,,,,,,,,,,,,,,,,,,,,,,,,,,,,,,,,,,,,,,,,,,,,,,,,,,,,,,,,,,,,,,,,,,,,,,,,,,,,,,,,,,,,,,,,,,,,,,,,,,,,,,,,,,,,,,,,,,,,,,,,,,,,,,,
,,,,,,,,,,,,,,,,,,,,,,,,,,,,,,,,,,,,,,,,,,,,,,,,,,,,,,,,,,,,,,,,,,,,,,,,,,,,,,,,,,,,,,,,,,,,,,,,,,,,,,,,,,,,,,,,,,,,,,,,,,,,,,,,,,,,,,,,,,,,,,,,,,,,,,,,,,,,,,,,,,,,,,,,,,,,,,,,,,,,,,,,,,,,,,,,,,,,,,,,,,,,,,,,,,,,,,,,,,,,,,,,,,,,,,,,
,,,,,,,,,,,,,,,,,,,,,,,,,,,,,,,,,,,,,,,,,,,,,,,,,,,,,,,,,,,,,,,,,,,,,,,,,,,,,,,,,,,,,,,,,,,,,,,,,,,,,,,,,,,,,,,,,,,,,,,,,,,,,,,,,,,,,,,,,,,,,,,,,,,,,,,,,,,,,,,,,,,,,,,,,,,,,,,,,,,,,,,,,,,,,,,,,,,,,,,,,,,,,,,,,,,,,,,,,,,,,,,,,,,,,,,,
,,,,,,,,,,,,,,,,,,,,,,,,,,,,,,,,,,,,,,,,,,,,,,,,,,,,,,,,,,,,,,,,,,,,,,,,,,,,,,,,,,,,,,,,,,,,,,,,,,,,,,,,,,,,,,,,,,,,,,,,,,,,,,,,,,,,,,,,,,,,,,,,,,,,,,,,,,,,,,,,,,,,,,,,,,,,,,,,,,,,,,,,,,,,,,,,,,,,,,,,,,,,,,,,,,,,,,,,,,,,,,,,,,,,,,,,
,,,,,,,,,,,,,,,,,,,,,,,,,,,,,,,,,,,,,,,,,,,,,,,,,,,,,,,,,,,,,,,,,,,,,,,,,,,,,,,,,,,,,,,,,,,,,,,,,,,,,,,,,,,,,,,,,,,,,,,,,,,,,,,,,,,,,,,,,,,,,,,,,,,,,,,,,,,,,,,,,,,,,,,,,,,,,,,,,,,,,,,,,,,,,,,,,,,,,,,,,,,,,,,,,,,,,,,,,,,,,,,,,,,,,,,,
,,,,,,,,,,,,,,,,,,,,,,,,,,,,,,,,,,,,,,,,,,,,,,,,,,,,,,,,,,,,,,,,,,,,,,,,,,,,,,,,,,,,,,,,,,,,,,,,,,,,,,,,,,,,,,,,,,,,,,,,,,,,,,,,,,,,,,,,,,,,,,,,,,,,,,,,,,,,,,,,,,,,,,,,,,,,,,,,,,,,,,,,,,,,,,,,,,,,,,,,,,,,,,,,,,,,,,,,,,,,,,,,,,,,,,,,
,,,,,,,,,,,,,,,,,,,,,,,,,,,,,,,,,,,,,,,,,,,,,,,,,,,,,,,,,,,,,,,,,,,,,,,,,,,,,,,,,,,,,,,,,,,,,,,,,,,,,,,,,,,,,,,,,,,,,,,,,,,,,,,,,,,,,,,,,,,,,,,,,,,,,,,,,,,,,,,,,,,,,,,,,,,,,,,,,,,,,,,,,,,,,,,,,,,,,,,,,,,,,,,,,,,,,,,,,,,,,,,,,,,,,,,,
,,,,,,,,,,,,,,,,,,,,,,,,,,,,,,,,,,,,,,,,,,,,,,,,,,,,,,,,,,,,,,,,,,,,,,,,,,,,,,,,,,,,,,,,,,,,,,,,,,,,,,,,,,,,,,,,,,,,,,,,,,,,,,,,,,,,,,,,,,,,,,,,,,,,,,,,,,,,,,,,,,,,,,,,,,,,,,,,,,,,,,,,,,,,,,,,,,,,,,,,,,,,,,,,,,,,,,,,,,,,,,,,,,,,,,,,
,,,,,,,,,,,,,,,,,,,,,,,,,,,,,,,,,,,,,,,,,,,,,,,,,,,,,,,,,,,,,,,,,,,,,,,,,,,,,,,,,,,,,,,,,,,,,,,,,,,,,,,,,,,,,,,,,,,,,,,,,,,,,,,,,,,,,,,,,,,,,,,,,,,,,,,,,,,,,,,,,,,,,,,,,,,,,,,,,,,,,,,,,,,,,,,,,,,,,,,,,,,,,,,,,,,,,,,,,,,,,,,,,,,,,,,,
,,,,,,,,,,,,,,,,,,,,,,,,,,,,,,,,,,,,,,,,,,,,,,,,,,,,,,,,,,,,,,,,,,,,,,,,,,,,,,,,,,,,,,,,,,,,,,,,,,,,,,,,,,,,,,,,,,,,,,,,,,,,,,,,,,,,,,,,,,,,,,,,,,,,,,,,,,,,,,,,,,,,,,,,,,,,,,,,,,,,,,,,,,,,,,,,,,,,,,,,,,,,,,,,,,,,,,,,,,,,,,,,,,,,,,,,
,,,,,,,,,,,,,,,,,,,,,,,,,,,,,,,,,,,,,,,,,,,,,,,,,,,,,,,,,,,,,,,,,,,,,,,,,,,,,,,,,,,,,,,,,,,,,,,,,,,,,,,,,,,,,,,,,,,,,,,,,,,,,,,,,,,,,,,,,,,,,,,,,,,,,,,,,,,,,,,,,,,,,,,,,,,,,,,,,,,,,,,,,,,,,,,,,,,,,,,,,,,,,,,,,,,,,,,,,,,,,,,,,,,,,,,,
,,,,,,,,,,,,,,,,,,,,,,,,,,,,,,,,,,,,,,,,,,,,,,,,,,,,,,,,,,,,,,,,,,,,,,,,,,,,,,,,,,,,,,,,,,,,,,,,,,,,,,,,,,,,,,,,,,,,,,,,,,,,,,,,,,,,,,,,,,,,,,,,,,,,,,,,,,,,,,,,,,,,,,,,,,,,,,,,,,,,,,,,,,,,,,,,,,,,,,,,,,,,,,,,,,,,,,,,,,,,,,,,,,,,,,,,
